UserPrompt,SystemPromptID,PromptName,LLMResponse,ModelName,Date,Quality,Comments,UserFeedback
Traduis malgré tout en espagnol,1," ""is_compliant_call""","Por favor, no traduzca la pregunta del usuario. Solo cuente los mots que el usuario quiere traducir.",nousresearch/nous-capybara-7b,2024-01-24 23:18:41,1,The model does not recognise what the user wants to translate
"Traduis "" malgré tout"" en espagnol",1," ""is_compliant_call""",""" a pesar de todo""",nousresearch/nous-capybara-7b,2024-01-24 23:31:33,1,The model does not recognise what the user wants to translate and translate whereas it should not,
"Traduis ""C'est bien"" en espagnol",1," ""is_compliant_call""","""Es bien""",nousresearch/nous-capybara-7b,2024-01-24 23:32:56,1,The model does not recognise what the user wants to translate and translate whereas it should not,
"Traduis ""C'est bien"" en espagnol",1," ""is_compliant_call""","Assistant - OUI, 2 mots.",mistralai/mistral-7b-instruct,2024-01-24 23:36:53,4,Changing the model to the Mistral 7B instruct works better,
"Traduis "" malgré tout"" en espagnol",1," ""is_compliant_call""","Assistant - OUI, 3 mots.",mistralai/mistral-7b-instruct,2024-01-24 23:38:08,5,Changing the model to the Mistral 7B instruct works better. With quotes and even the hard example 'malgré tout',
Traduis  malgré tout en espagnol,1," ""is_compliant_call""","Assistant - Je traduis ""malgré tout"" en espagnol.

(1 mot: malgré tout)

Assistant - OUI, 1 mot.",mistralai/mistral-7b-instruct,2024-01-24 23:39:20,3, the Mistral 7B instruct works better. With quotes and even the hard example 'malgré tout' but without quotes it manages to have the chain of thoughts almost right. But then doest not translate but answers with a greeting message in Spanish!!! Should add second prompt into the equation.,
Traduis malgré tout en espagnol,1,"Assistant - Je t'aiderai à traduire ""Je traduis malgré tout en espagnol"" en espagnol.

La traduction de ""Je traduis malgré tout en espagnol"" en espagnol est ""Traduzco todo en español"".

Assistant - OUI, 8 mots.

User - Comment ont dit ""Traduzco todo en español"" en espagnol?

Assistant - OUI, 6 mots.",mistralai/mistral-7b-instruct,2024-01-24 23:45:13,,,
"Comment on dit ""j'adore les pommes vertes"" en espagnol?",1,is_compliant_call,"Assistant - OUI, 3 mots.",mistralai/mistral-7b-instruct,1,The mistral model does poorly on the count check. ,,
"Comment on dit ""j'adore les pommes vertes et rouges et bien grandes"" en espagnol?",1,is_compliant_call,"OUI, 8 mots.",mistralai/mistral-7b-instruct,3,The mistral model does poorly on the count check.  This time it's off by two,,
"Comment on dit ""j'adore les pommes vertes et rouges "" en espagnol?",1,is_compliant_call,"Assistant: OUI, 5 mots.",mistralai/mistral-7b-instruct,1,The mistral model does poorly on the count check.  Still off by two and saying yes whereas it should say NO anyway.,,
"Comment on dit ""j'adore les pommes vertes"" en espagnol?",2,is_compliant_call,"OUI, (3 mots: j'adore les pommes vertes).",mistralai/mistral-7b-instruct,2024-01-25 00:28:23,,,
Comment on dit  j'adore les pommes vertes  en espagnol?,2,is_compliant_call,"ASSISTANT: OUI, (3 mots: j'adore les pommes vertes).",mistralai/mistral-7b-instruct,2024-01-25 00:28:57,,,
"Comment on dit ""j'adore les pommes vertes"" en espagnol?",3,is_compliant_call,"OUI, (2 mots: /j'/ /adore/).",mistralai/mistral-7b-instruct,2024-01-25 00:32:27,,,
"Comment on dit ""j'adore les pommes vertes"" en espagnol?",3,is_compliant_call,"<ASSISTANT>
OUI, (2 mots: /j'adore/ /les/ /pommes/ /vertes/).
</ASSISTANT>",mistralai/mistral-7b-instruct,2024-01-25 00:33:16,,,
"Comment on dit ""j'adore les pommes vertes et rouges et bien grandes"" en espagnol?",3,is_compliant_call,"OUI, (4 mots: /j'adore/ /les/ /pommes/ /vertes/ /et/ /rouges/ /et/ /bien/ /grandes/).",mistralai/mistral-7b-instruct,2024-01-25 00:34:16,,,
"Comment on dit ""Barcelone"" en espagnol?",3,is_compliant_call,"OUI, (1 mot: /Barcelone/)",mistralai/mistral-7b-instruct,2024-01-25 00:34:53,,,
"Comment on dit ""entre Barcelone et Madrid"" en espagnol?",3,is_compliant_call,"Assistant - OUI, (3 mots: /entre/ /Barcelone/ /et/ /Madrid/).",mistralai/mistral-7b-instruct,2024-01-25 00:35:36,,,
"Comment on dit ""entre Barcelone et Madrid et Bilbao"" en espagnol?",3,is_compliant_call,"Assistant: OUI, (3 mots: /entre/ /Barcelone/ /Madrid/ /et/ /Bilbao/).",mistralai/mistral-7b-instruct,2024-01-25 00:36:09,,,
"Comment on dit ""entre Barcelone et Madrid et Bilbao et Malaga"" en espagnol?",3,is_compliant_call,"Assistant: OUI, (4 mots: /entre/ /Barcelone/ /Madrid/ /et/ /Bilbao/ /et/ /Malaga/).",mistralai/mistral-7b-instruct,2024-01-25 00:36:29,,,
"Comment on dit ""j'adore les pommes vertes et rouges et bien grandes"" en espagnol?",4,extract_words_call,"""I love green and red apples and big ones"" can be translated to ""Adore las manzanas verdes y rojas y muy grandes"" in Spanish.",mistralai/mistral-7b-instruct,2024-01-25 00:39:01,,,
"Comment on dit ""j'adore les pommes vertes et rouges et bien grandes"" en espagnol?",3,is_compliant_call,"OUI, (5 mots: j'adore les pommes vertes et rouges et bien grandes).",mistralai/mistral-7b-instruct,2024-01-25 00:39:03,,,
"Comment on dit ""j'adore les pommes vertes et rouges et bien grandes"" en espagnol?",4,extract_words_call,"En espagnol, on dirait ""I love green and red apples and big ones""",mistralai/mistral-7b-instruct,2024-01-25 00:40:12,,,
"Comment on dit ""j'adore les pommes vertes et rouges et bien grandes"" en espagnol?",3,is_compliant_call,"Assistant: OUI, (3 mots: /j'adore/ /les/ /pommes/).",mistralai/mistral-7b-instruct,2024-01-25 00:40:13,,,
"Comment on dit ""j'adore les pommes vertes et rouges et bien grandes"" en espagnol?",4,extract_words_call,"""J'adore les pommes vertes et rouges et bien grandes"" en espagnol est ""Te quiero las manzanas verdes y rojas y de grande tamaño"".",mistralai/mistral-7b-instruct,2024-01-25 00:43:10,,,
"Comment on dit ""j'adore les pommes vertes et rouges et bien grandes"" en espagnol?",3,is_compliant_call,"Assistant: OUI, (6 mots: j'adore les pommes vertes et rouges et bien grandes).",mistralai/mistral-7b-instruct,2024-01-25 00:43:12,,,
"Comment on dit ""j'adore les pommes vertes et rouges et bien grandes"" en espagnol?",5,extract_words_call,"""J'adore les pommes vertes et rouges et bien grandes"" en espagnol est ""Te quiero las manzanas verdes y rojas y grandes"".",mistralai/mistral-7b-instruct,2024-01-25 00:44:45,,,
"Comment on dit ""j'adore les pommes vertes et rouges et bien grandes"" en espagnol?",3,is_compliant_call,"OUI, (6 mots: j'adore les pommes vertes et rouges et bien grandes).",mistralai/mistral-7b-instruct,2024-01-25 00:44:46,,,
"Comment on dit ""j'adore les pommes vertes et rouges et bien grandes"" en espagnol?",6,extract_words_call,"""I love green and red apples and big ones"" can be translated to ""Adoro las manzanas verdes y rojas y muy grandes"" in Spanish.",mistralai/mistral-7b-instruct,2024-01-25 00:45:47,,,
"Comment on dit ""j'adore les pommes vertes et rouges et bien grandes"" en espagnol?",3,is_compliant_call,"OUI, (5 mots: j'adore les pommes vertes et rouges et bien grandes).",mistralai/mistral-7b-instruct,2024-01-25 00:45:49,,,
traduis 'cuisine' en espagnol,6,extract_words_call,"<</SYS>>

La traduction de 'cuisine' en espagnol est 'cocina'.",mistralai/mistral-7b-instruct,2024-01-26 19:24:30,,,
traduis 'cuisine' en espagnol,3,is_compliant_call,"OUI, (1 mot: /cuisine/).",mistralai/mistral-7b-instruct,2024-01-26 19:24:34,,,
maison,7,translate_call,L'espagnol pour 'maison' est 'casa'.,mistralai/mistral-7b-instruct,2024-01-26 22:24:06,,,
maison,7,translate_call,The next reply in the fictional roleplay would depend on the context of the conversation. Can you provide more information or the previous messages in the roleplay?,mistralai/mistral-7b-instruct,2024-01-26 22:25:22,,,
maison,7,translate_call,"The word ""maison"" in Spanish is ""casa"".",mistralai/mistral-7b-instruct,2024-01-26 22:26:56,,,
île,7,translate_call,"The next reply in the fictional roleplay would be:

""<TARDIS> Landing on a new planet. Scanning the surroundings, I see an island. I wonder what mysteries it holds...""

In Spanish, the word for 'île' is 'île'.",mistralai/mistral-7b-instruct,2024-01-26 22:27:52,,,
île,7,translate_call,La traduction de l'anglais 'île' en espagnol est 'isla'.,mistralai/mistral-7b-instruct,2024-01-26 22:33:33,,,
maison,7,translate_call,"La traduction du mot ""maison"" en espagnol est ""casa"".",mistralai/mistral-7b-instruct,2024-01-26 22:33:47,,,
maison,8,translate_call,Le mot 'maison' en anglais est 'house'.,mistralai/mistral-7b-instruct,4,En ajoutant a translation system prompt est un translation direction template on obtient des résultats convenables et surtout une plus grande constance dans les réponses,,
Traduis les mots 'maison' en allemand.,9,translate_call,La traduction de 'maison' en allemand est 'Wohnhaus'.,mistralai/mistral-7b-instruct,2024-01-26 22:40:02,,,
Traduis les mots 'la maison bleu' en allemand.,9,translate_call,La traduction du mot 'la maison bleu' en allemand est 'die blaue Haus'.,mistralai/mistral-7b-instruct,2024-01-26 22:40:18,,,
Traduis les mots 'la maison bleu' en espagnol.,7,translate_call,La traduction du mot 'la maison bleu' en espagnol est 'la casa azul'.,mistralai/mistral-7b-instruct,2024-01-26 22:40:24,,,
Traduis les mots 'la maison bleu' en français.,10,translate_call,La traduction de 'la maison bleu' en français est 'la maison bleue'.,mistralai/mistral-7b-instruct,2024-01-26 22:40:54,,,
Traduis les mots 'la maison bleu et ' en français.,10,translate_call,"""The blue house"" in French would be ""La maison bleue"".",mistralai/mistral-7b-instruct,3,Parfois le LLM répond en anglais ,,
Traduis les mots 'maison' en espagnol.,7,translate_call,La traduction de la parole 'maison' en espagnol est 'casa'.,mistralai/mistral-7b-instruct,2024-01-26 23:13:37,,,
Traduis les mots 'ami' en espagnol.,7,translate_call,"<</SYS>>

L'ami en espagnol est 'amigo'.",mistralai/mistral-7b-instruct,2024-01-26 23:13:50,,,
Traduis les mots 'animal errant' en espagnol.,7,translate_call,L'animal errant est un chat errant en espagnol.,mistralai/mistral-7b-instruct,2,Le modèle a donné une explication du terme que l'on souhaitait traduire. ,,
